{"cameraMode":{"drawMode":0,"name":"Shaded","section":"Shading Mode"},"sceneLighting":true,"audioPlay":false,"sceneViewState":{"m_AlwaysRefresh":false,"showFog":true,"showSkybox":true,"showFlares":true,"showImageEffects":true,"showParticleSystems":true,"showVisualEffectGraphs":true,"m_FxEnabled":true},"in2DMode":false,"pivot":{"x":-2.1764206886291506,"y":0.7745459079742432,"z":-1.125531554222107},"rotation":{"x":0.014559417963027954,"y":0.9448235034942627,"z":-0.04256501421332359,"w":0.32457759976387026},"size":1.9334347248077393,"orthographic":true}