{"cameraMode":{"drawMode":0,"name":"Shaded","section":"Shading Mode"},"sceneLighting":true,"audioPlay":false,"sceneViewState":{"m_AlwaysRefresh":false,"showFog":true,"showSkybox":true,"showFlares":true,"showImageEffects":true,"showParticleSystems":true,"showVisualEffectGraphs":true,"m_FxEnabled":true},"in2DMode":false,"pivot":{"x":0.6060521602630615,"y":0.6369057297706604,"z":0.6388178467750549},"rotation":{"x":0.01681775413453579,"y":0.9662105441093445,"z":-0.06531842797994614,"w":0.24877320230007173},"size":2.9307658672332765,"orthographic":true}