{"cameraMode":{"drawMode":0,"name":"Shaded","section":"Shading Mode"},"sceneLighting":true,"audioPlay":false,"sceneViewState":{"m_AlwaysRefresh":false,"showFog":true,"showSkybox":true,"showFlares":true,"showImageEffects":true,"showParticleSystems":true,"showVisualEffectGraphs":true,"m_FxEnabled":true},"in2DMode":false,"pivot":{"x":0.6060521602630615,"y":0.6369057297706604,"z":0.6388178467750549},"rotation":{"x":-0.06556637585163117,"y":-0.7611389756202698,"z":0.07790660858154297,"w":-0.6405688524246216},"size":12.410213470458985,"orthographic":true}