{"cameraMode":{"drawMode":0,"name":"Shaded","section":"Shading Mode"},"sceneLighting":true,"audioPlay":false,"sceneViewState":{"m_AlwaysRefresh":false,"showFog":true,"showSkybox":true,"showFlares":true,"showImageEffects":true,"showParticleSystems":true,"showVisualEffectGraphs":true,"m_FxEnabled":true},"in2DMode":false,"pivot":{"x":-2.6553421020507814,"y":0.3645557165145874,"z":-0.2755219340324402},"rotation":{"x":0.055770307779312137,"y":0.7639415264129639,"z":-0.06663087755441666,"w":0.6394162774085999},"size":2.282683849334717,"orthographic":true}